<?xml version="1.0" encoding="UTF-8"?>
<project-private xmlns="http://www.netbeans.org/ns/project-private/1">
    <editor-bookmarks xmlns="http://www.netbeans.org/ns/editor-bookmarks/2" lastBookmarkId="0"/>
    <open-files xmlns="http://www.netbeans.org/ns/projectui-open-files/2">
        <group>
            <file>file:/F:/btaplon%20oop%20ver%204/EMS-OOP-BTL-master/BTL_OOP_GUI/src/gui/AdminFrame1.java</file>
            <file>file:/F:/btaplon%20oop%20ver%204/EMS-OOP-BTL-master/BTL_OOP_GUI/src/Class/main.java</file>
        </group>
    </open-files>
</project-private>
